<configuration>

    <!-- defined a console append -->
    <appender name="STDOUT" class="ch.qos.logback.core.ConsoleAppender">
        <encoder>
            <pattern>%d{HH:mm:ss.SSS} [%.15thread] %-5level %logger{36}:%line - %msg%n</pattern>
        </encoder>
    </appender>
    <appender name="FILE" class="ch.qos.logback.core.FileAppender">
        <file>logs/rsp-server.log</file>
        <append>true</append>
        <encoder>
            <pattern>%-4relative [%thread] %-5level %logger{35} - %msg%n</pattern>
        </encoder>
    </appender>

    <!-- log all Bundle events -->
    <logger name="Events.Bundle" level="TRACE"/>

    <!-- log WARN Framework service events of bundles whose BSN starts with `org.eclipse.osgi` (guess who that is?) -->
    <logger name="Events.Service.org.eclipse.osgi" level="WARN"/>

    <!-- turn OFF legacy Log Service records from bundles whose BSN starts with `org.baz` -->
    <logger name="LogService.org.baz" level="OFF"/>

    <!-- log DEBUG Service events for bundles whose BSN starts with `org.fum` -->
    <logger name="Events.Service.org.fum" level="DEBUG"/>

    <!-- log DEBUG from any log API using a logger name starting with `org.my.foo` -->
    <logger name="org.my.foo" level="DEBUG"/>

    <root level="DEBUG">
        <appender-ref ref="FILE" />
    </root>
</configuration>
